Workbook

Sheet فهرس
A1: جهينة (JUFO) — قاعدة البيانات والتحليل الكاملة · 2021 → Q1 2026
A2: دليل المراجعة | B2: أزرق = رقم مُدخل من القوائم (راجِعه بالمصدر) · أسود = معادلة حية (راجِع منطقها)
A3: 1. قائمة الدخل | B3: سنوي كامل بالجنيه + الهوامش (معادلات) + عمود المصدر
A4: 2. البيانات الفصلية | B4: 21 ربعاً: إيراد/مجمل/EBITDA/صافي + هوامش بمعادلات
A5: 3. الموسمية | B5: مصفوفة الهامش بالأرباع + عمود ربع رمضان
A6: 4. المركز المالي | B6: الميزانية كاملة — المجاميع معادلات والتوازن مُتحقق
A7: 5. التدفقات النقدية | B7: تشغيلي/استثماري/تمويلي + تسوية النقدية معادلة
A8: 6. رأس المال العامل | B8: DIO/DSO/DPO/CCC معادلات — دائنون حقيقيون 2021-2024
A9: 7. تشريح الإيراد | B9: القطاعات + محلي/تصدير + محركات النمو
A10: 8. تشريح التكاليف | B10: إيضاح 4 (مكونات COGS) + إيضاح 17 (المخزون)
A11: 9. فروق العملة | B11: الظاهر/المخفي + الربح المعلَن مقابل المعدّل (معادلات)
A12: 10. الرفع والعوائد | B12: صافي الدين، التغطية، ROE/DuPont/ROIC — كله معادلات
A13: 11. التقييم | B13: السعر خلية زرقاء تتعدل → كل المضاعفات تتحدث تلقائياً
... A15: 13. تصريحات الإدارة | B15: الاكتشافات الموثقة من نتائج الأعمال

Sheet الموسمية
A1: الموسمية — هامش مجمل الربح بالأرباع + ربع رمضان
A2: السنة | B2: Q1 | C2: Q2 | D2: Q3 | E2: Q4 | F2: ربع رمضان | G2: الأعلى = رمضان؟
A3: 2021 | B3: ='البيانات الفصلية'!B5 -> 0.29146376 | C3: ='البيانات الفصلية'!C5 -> 0.322456 | D3: ='البيانات الفصلية'!D5 -> 0.27169126 | E3: ='البيانات الفصلية'!E5 -> 0.26499013 | F3: Q2 | G3: ✓ نعم
A4: 2022 | B4: ='البيانات الفصلية'!G5 -> 0.26704189 | C4: ='البيانات الفصلية'!H5 -> 0.27982661 | D4: ='البيانات الفصلية'!I5 -> 0.22726504 | E4: ='البيانات الفصلية'!J5 -> 0.25288069 | F4: Q2 | G4: ✓ نعم
A5: 2023 | B5: ='البيانات الفصلية'!L5 -> 0.29718201 | C5: ='البيانات الفصلية'!M5 -> 0.24409778 | D5: ='البيانات الفصلية'!M5 -> 0.24409778 | E5: ='البيانات الفصلية'!O5 -> 0.27305746 | F5: Q1 | G5: ✓ نعم
A6: 2024 | B6: ='البيانات الفصلية'!Q5 -> 0.38285884 | C6: ='البيانات الفصلية'!R5 -> 0.31959887 | D6: ='البيانات الفصلية'!S5 -> 0.2964981 | E6: ='البيانات الفصلية'!T5 -> 0.21630506 | F6: Q1 | G6: ✓ نعم
A7: 2025 | B7: ='البيانات الفصلية'!V5 -> 0.1729898 | C7: ='البيانات الفصلية'!W5 -> 0.25303453 | D7: ='البيانات الفصلية'!X5 -> 0.2435669 | E7: ='البيانات الفصلية'!Y5 -> 0.24204963 | F7: Q1 | G7: لا X | H7: ده مكسرش النمط ده حصل بسبب تزامن رمضان مع صدمه دولاريه وتعويم حاد لسنة 2025
A8: متوسط الربع | B8: =AVERAGE(B3:B7) -> 0.28230726 | C8: =AVERAGE(C3:C7) -> 0.28380276 | D8: =AVERAGE(D3:D7) -> 0.25662382 | E8: =AVERAGE(E3:E7) -> 0.24985659
A10: أعلى هامش سنوي يقع دائماً في الربع الذي يحتوي رمضان (4/5 سنوات). رمضان 2026 وقع كاملاً في Q1 → Q2 2026 سيكون أضعف هامشاً.

Sheet المركز المالي
A1: قائمة المركز المالي (بالجنيه)
A2: البند (ج.م) | B2: 2021 | C2: 2022 | D2: 2023 | E2: 2024 | F2: 2025
A3: الأصول غير المتداولة
A4: الأصول الثابتة (PPE) | B4: 3164789327 | C4: 3007277888 | D4: 3077685183 | E4: 3886899018 | F4: 5175562196
A5: مشروعات تحت التنفيذ | B5: 73964179 | C5: 127380566 | D5: 299334840 | E5: 1511945561 | F5: 2722175926
A6: الثروة النباتية | B6: 49752884 | C6: 64319246 | D6: 0 | E6: 0 | F6: 0
A7: الأصول البيولوجية | B7: 196194420 | C7: 197472085 | D7: 305114220 | E7: 445704631 | F7: 574493531
A8: استثمارات حقوق الملكية | B8: 15116843 | C8: 16926093 | D8: 15670070 | E8: 18025552 | F8: 0
A9: استثمار بالتكلفة المستهلكة (ط) | B9: 0 | C9: 0 | D9: 0 | E9: 0 | F9: 109946586
A10: أصول حق الاستخدام | B10: 61583843 | C10: 47182377 | D10: 38966498 | E10: 93038704 | F10: 184421330
A11: الشهرة | B11: 97092890 | C11: 97092890 | D11: 97092890 | E11: 97092890 | F11: 97092890
A12: أصول أخرى ط.أ | B12: 723872 | C12: 715600 | D12: 707329 | E12: 0 | F12: 690785
A13: إجمالي غير المتداولة | B13: =SUM(B4:B12) -> 3659218258 | C13: =SUM(C4:C12) -> 3558366745 | D13: =SUM(D4:D12) -> 3834571030 | E13: =SUM(E4:E12) -> 6052706356 | F13: =SUM(F4:F12) -> 8864383244
A14: الأصول المتداولة
A15: المخزون | B15: 879266088 | C15: 1725513368 | D15: 2783515178 | E15: 4177070922 | F15: 5815744221
A16: العملاء وأرصدة مدينة | B16: 456020949 | C16: 768124141 | D16: 834918362 | E16: 1501832833 | F16: 2033905286
A17: أصول بيولوجية متداولة | B17: 10617902 | C17: 20276099 | D17: 29465780 | E17: 0 | F17: 66662132
A18: أصول محتفظ بها للبيع | B18: 1607427 | C18: 1942496 | D18: 0 | E18: 0 | F18: 0
A19: مستحق من أطراف علاقة | B19: 2966 | C19: 559970 | D19: 2760164 | E19: 3421436 | F19: 0
A20: أصول متداولة أخرى | B20: 0 | C20: 0 | D20: 0 | E20: 44186478 | F20: 0
A21: استثمار بالتكلفة المستهلكة (ق) | B21: 0 | C21: 0 | D21: 1610291 | E21: 0 | F21: 537771276
A22: النقدية وما في حكمها | B22: 453015330 | C22: 294504052 | D22: 1093526328 | E22: 1811244599 | F22: 1091755742
A23: إجمالي المتداولة | B23: =SUM(B15:B22) -> 1800530662 | C23: =SUM(C15:C22) -> 2810920126 | D23: =SUM(D15:D22) -> 4745796103 | E23: =SUM(E15:E22) -> 7537756268 | F23: =SUM(F15:F22) -> 9545838657
A24: إجمالي الأصول | B24: =B13+B23 -> 5459748920 | C24: =C13+C23 -> 6369286871 | D24: =D13+D23 -> 8580367133 | E24: =E13+E23 -> 13590462624 | F24: =F13+F23 -> 18410221901
A25: حقوق الملكية والالتزامات
A26: رأس المال المصدر | B26: 941405082 | C26: 941405082 | D26: 941405082 | E26: 941405082 | F26: 1176756353
A27: الاحتياطي القانوني | B27: 688879026 | C27: 719145789 | D27: 742112963 | E27: 742112963 | F27: 0
A28: احتياطي عام/علاوة | B28: 330920428 | C28: 330920428 | D28: 330920428 | E28: 330920428 | F28: 0
A29: احتياطيات أخرى | B29: 0 | C29: 0 | D29: 0 | E29: 0 | F29: 259470145
A30: الأرباح المرحّلة | B30: 1206348929 | C30: 1418366451 | D30: 2233885644 | E30: 4324257529 | F30: 6595203300
A31: حقوق غير مسيطرة | B31: 762819 | C31: 894422 | D31: 1444468 | E31: 628468 | F31: 1114421
A32: إجمالي حقوق الملكية | B32: =SUM(B26:B31) -> 3168316284 | C32: =SUM(C26:C31) -> 3410732172 | D32: =SUM(D26:D31) -> 4249768585 | E32: =SUM(E26:E31) -> 6339324470 | F32: =SUM(F26:F31) -> 8032544219
A33: التزامات غير متداولة | B33: 671817133 | C33: 464291994 | D33: 472033769 | E33: 1051729253 | F33: 2208187139
A34: التزامات متداولة | B34: 1619615503 | C34: 2494262705 | D34: 3858564779 | E34: 6199408901 | F34: 8169490543
A35: إجمالي الالتزامات | B35: =B33+B34 -> 2291432636 | C35: =C33+C34 -> 2958554699 | D35: =D33+D34 -> 4330598548 | E35: =E33+E34 -> 7251138154 | F35: =F33+F34 -> 10377677682
A36: إجمالي الملكية والالتزامات | B36: =B32+B35 -> 5459748920 | C36: =C32+C35 -> 6369286871 | D36: =D32+D35 -> 8580367133 | E36: =E32+E35 -> 13590462624 | F36: =F32+F35 -> 18410221901
A37: فحص التوازن (= صفر) | B37: =B24-B36 -> 0 | C37: =C24-C36 -> 0 | D37: =D24-D36 -> 0 | E37: =E24-E36 -> 0 | F37: =F24-F36 -> 0

Sheet فروق العملة
A1: فروق العملة — المعلَن مقابل المعدّل
A2: البند (ج.م) | B2: 2022 | C2: 2023 | D2: 2024 | E2: 2025 | F2: المكان
A3: خسارة عملة في قائمة الدخل | B3: -51509326 | C3: -163778368 | D3: -184477994 | E3: -77548855 | F3: بند التمويل — ظاهرة
A4: خسارة محوّلة للدخل الشامل EAS13 | B4: 0 | C4: 0 | D4: -344814387 | E4: -348000000 | F4: OCI — مخفية
A5: إجمالي الخسائر الحقيقية | B5: =B3+B4 -> -51509326 | C5: =C3+C4 -> -163778368 | D5: =D3+D4 -> -529292381 | E5: =E3+E4 -> -425548855
A7: صافي الربح المعلَن | B7: 637999000 | C7: 1021460000 | D7: 2735395000 | E7: 1910095000
A8: تعديل EAS13 | B8: =B4 -> 0 | C8: =C4 -> 0 | D8: =D4 -> -344814387 | E8: =E4 -> -348000000
A9: صافي الربح المعدّل (الحقيقي) | B9: =B7+B8 -> 637999000 | C9: =C7+C8 -> 1021460000 | D9: =D7+D8 -> 2390580613 | E9: =E7+E8 -> 1562095000
A10: أثر التعديل % | B10: =B8/B7 -> 0 | C10: =C8/C7 -> 0 | D10: =D8/D7 -> -0.12605652 | E10: =E8/E7 -> -0.18218989
A12: EPS 2024: المعلَن 2.91 → المعدّل 2.54. الإدارة أكدت H1 2025 تضمن 522م فروق عملة (الهامش المعدّل 28.7%).

Sheet رأس المال العامل
A1: رأس المال العامل — CCC
A2: البند | B2: 2021 | C2: 2022 | D2: 2023 | E2: 2024 | F2: 2025
A3: صافي المبيعات | B3: 8805974252 | C3: 11363960170 | D3: 15536190159 | E3: 24302616048 | F3: 29984446222
A4: تكلفة المبيعات (موجبة) | B4: 6278903539 | C4: 8458554544 | D4: 11926060448 | E4: 16912916624 | F4: 23103562055
A5: المخزون | B5: 879266088 | C5: 1725513368 | D5: 2783515178 | E5: 4177070922 | F5: 5815744221
A6: العملاء | B6: 456020949 | C6: 768124141 | D6: 834918362 | E6: 1501832833 | F6: 2033905286
A7: الدائنون (حقيقي ²¹⁻²⁴) | B7: 928212428 | C7: 1340285565 | D7: 2261080629 | E7: 2006712301 | F7: 2800000000
A8: أيام المخزون DIO | B8: =B5/B4*365 -> 51.112765 | C8: =C5/C4*365 -> 74.45863 | D8: =D5/D4*365 -> 85.190164 | E8: =E5/E4*365 -> 90.145947 | F8: =F5/F4*365 -> 91.879626 | G8: تكديس المخزون لتفادي تعويمات بتكلفه اعلي مستقبلا
A9: أيام التحصيل DSO | B9: =B6/B3*365 -> 18.901673 | C9: =C6/C3*365 -> 24.671444 | D9: =D6/D3*365 -> 19.615182 | E9: =E6/E3*365 -> 22.555966 | F9: =F6/F3*365 -> 24.758684
A10: أيام السداد DPO | B10: =B7/B4*365 -> 53.958073 | C10: =C7/C4*365 -> 57.835441 | D10: =D7/D4*365 -> 69.200926 | E10: =E7/E4*365 -> 43.307137 | F10: =F7/F4*365 -> 44.235603
A11: دورة التحويل النقدي CCC | B11: =B8+B9-B10 -> 16.056365 | C11: =C8+C9-C10 -> 41.294633 | D11: =D8+D9-D10 -> 35.60442 | E11: =E8+E9-E10 -> 69.394777 | F11: =F8+F9-F10 -> 72.402707
A13: دائنو 2025 تقدير (~2,800م) لحين القائمة المدمجة — تتعدل الخلية الزرقاء ويتحدث CCC تلقائياً. DIO ارتفع 51→92 يوم (تخزين دفاعي).

Sheet تشريح الإيراد
A1: تشريح الإيراد 2023 — القطاعات والتصدير
A2: القطاع | B2: الإيراد (ج.م) | C2: الوزن % | D2: النمو % | E2: ملاحظة
A3: الألبان | B3: 8528 | C3: =B3/B$8 -> 0.52876984 | D3: 0.4 | E3: بخيرو الاقتصادي 37% من القطاع — ضغط استهلاكي
A4: التبريد/الزبادي | B4: 3541 | C4: =B4/B$8 -> 0.21955605 | D4: 0.29 | E4: مشروب زبادي حصة 48%
A5: العصائر | B5: 2740 | C5: =B5/B$8 -> 0.16989087 | D5: 0.43 | E5: حصة سوقية 28%
A6: المركزات | B6: 1032 | C6: =B6/B$8 -> 0.063988095 | D6: 1.64 | E6: محرك التصدير — متقلب عالمياً
A7: التوزيع للغير | B7: 287 | C7: =B7/B$8 -> 0.017795139 | D7: 0.24 | E7: هامش منخفض
A8: الإجمالي | B8: =SUM(B3:B7) -> 16128 | C8: 1
A10: محلي مقابل تصدير (2023 → 2025)
A11: البند | B11: 2023 | C11: 2025 | D11: ملاحظة
A12: إيراد التصدير (ج.م) | B12: ~1.2 مليار | C12: 2.2 مليار | D12: +54% بالدولار · 48 دولة
A13: نسبة التصدير | B13: ~7% | C13: ~7.3% | D13: 83% منه مركزات متقلبة
A14: بالدولار | B14: ~38م $ | C14: 46م $ | D14: تحوط جزئي نامٍ

Sheet تشريح التكاليف
A1: تشريح التكاليف — إيضاح 4 وإيضاح 17 (بالجنيه)
A2: مكوّن التكلفة (إيضاح 4) | B2: 2023 | C2: 2022 | D2: وزن 2023
A3: مواد خام وتعبئة وأخرى | B3: 11379909322 | C3: 8090545850 | D3: =B3/B$6 -> 0.95577993
A4: تغير البضاعة التامة | B4: 313879771 | C4: 150718331 | D4: =B4/B$6 -> 0.026362248
A5: الإهلاك | B5: 212622529 | C5: 217290363 | D5: =B5/B$6 -> 0.017857818
A6: إجمالي تكلفة المبيعات | B6: =SUM(B3:B5) -> 11906411622 | C6: =SUM(C3:C5) -> 8458554544
A8: تركيبة المخزون (إيضاح 17)
A9: البند | B9: 2023 | C9: 2022 | D9: النمو
A10: مواد خام | B10: 869035593 | C10: 514750127 | D10: =B10/C10-1 -> 0.68826688
A11: تعبئة وتغليف | B11: 505755185 | C11: 486448453 | D11: =B11/C11-1 -> 0.039689163
A12: بضاعة تامة | B12: 875366224 | C12: 561486453 | D12: =B12/C12-1 -> 0.55901575
A13: مستلزمات | B13: 150608669 | C13: 96617666 | D13: =B13/C13-1 -> 0.55881088
A14: بضاعة بالطريق L/C | B14: 382749507 | C14: 66210669 | D14: =B14/C14-1 -> 4.780783
A15: إجمالي المخزون | B15: =B10+B11+B12+B13+B14 -> 2783515178 | C15: =C10+C11+C12+C13+C14 -> 1725513368
A17: 95.6% من التكلفة خامات وتعبئة (لا وسادة لامتصاص الصدمات). البضاعة بالطريق +478% = تكديس واردات دولارية 2023.

Sheet التدفقات النقدية
A1: قائمة التدفقات النقدية (بالجنيه)
A2: البند (ج.م) | B2: 2021 | C2: 2022 | D2: 2023 | E2: 2024 | F2: 2025
A3: صافي التدفق التشغيلي | B3: 768096649 | C3: 439908278 | D3: 1651546284 | E3: 2274844702 | F3: 777594355
A4: صافي التدفق الاستثماري | B4: -200495770 | C4: -166813689 | D4: -738602093 | E4: -2901835696 | F4: -3708873743
A5: صافي التدفق التمويلي | B5: -298286463 | C5: -380096540 | D5: 49856453 | E5: 1529187259 | F5: 2289340385
A6: صافي التغير في النقدية | B6: =B3+B4+B5 -> 269314416 | C6: =C3+C4+C5 -> -107001951 | D6: =D3+D4+D5 -> 962800644 | E6: =E3+E4+E5 -> 902196265 | F6: =F3+F4+F5 -> -641939003
A7: أثر فروق الصرف | B7: 1158376 | C7: -51509327 | D7: -163778368 | E7: -184477994 | F7: -77548855
A8: النقدية أول السنة | B8: 182542538 | C8: 453015330 | D8: 294504052 | E8: 1093526328 | F8: 1811244599
A9: النقدية آخر السنة (محسوبة) | B9: =B8+B6+B7 -> 453015330 | C9: =C8+C6+C7 -> 294504052 | D9: =D8+D6+D7 -> 1093526328 | E9: =E8+E6+E7 -> 1811244599 | F9: =F8+F6+F7 -> 1091756741
A10: النقدية بالميزانية (للمطابقة) | B10: 453015330 | C10: 294504052 | D10: 1093526328 | E10: 1811244599 | F10: 1091755742
A12: تشغيلي 2024 كما ورد بقوائم 2024 (2,274.8م)؛ أُعيد عرضه 2,123.3م في مقارنات 2025 بعد الاندماج.

Sheet قائمة الدخل
A1: قائمة الدخل المجمّعة (بالجنيه)
A2: البند (ج.م) | B2: 2021 | C2: 2022 | D2: 2023 | E2: 2024 | F2: 2025 | G2: المصدر
A3: صافي المبيعات | B3: 8805974252 | C3: 11363960170 | D3: 16128101761 | E3: 24302616048 | F3: 29984446222 | G3: قوائم مجمعة معتمدة
A4: تكلفة المبيعات | B4: -6278903539 | C4: -8458554544 | D4: -11906411622 | E4: -16912916624 | F4: -23103562055 | G4: قائمة الدخل
A5: مجمل الربح | B5: =B3+B4 -> 2527070713 | C5: =C3+C4 -> 2905405626 | D5: =D3+D4 -> 4221690139 | E5: =E3+E4 -> 7389699424 | F5: =F3+F4 -> 6880884167 | G5: مبيعات + تكلفة
A6: هامش مجمل الربح % | B6: =B5/B3 -> 0.2869723 | C6: =C5/C3 -> 0.25566841 | D6: =D5/D3 -> 0.26175989 | E6: =E5/E3 -> 0.30407012 | F6: =F5/F3 -> 0.22948178 | G6: مجمل ÷ مبيعات
A7: إيرادات تشغيلية أخرى | B7: 41548292 | C7: 122415644 | D7: 178863933 | E7: 332938371 | F7: 325638100 | G7: قائمة الدخل
A8: مصروفات بيع وتسويق | B8: -1340271251 | C8: -1544969079 | D8: -1933987009 | E8: -2159669231 | F8: -2736787707 | G8: قائمة الدخل
A9: مصروفات عمومية وإدارية | B9: -272283318 | C9: -286403392 | D9: -388147620 | E9: -659201157 | F9: -831126207 | G9: قائمة الدخل
A10: خسارة اضمحلال / مخصص انخفاض | B10: 0 | C10: 0 | D10: 5971372 | E10: 0 | F10: 0
A11: مصروفات أخرى/خ.ائتمانية | B11: -122143862 | C11: -171502831 | D11: -282461208 | E11: -210789892 | F11: -65316259 | G11: ق.الدخل (2023 بالفرق للمطابقة)
A12: نتائج الأنشطة التشغيلية | B12: =B5+B7+B8+B9+B10+B11 -> 833920574 | C12: =C5+C7+C8+C9+C10+C11 -> 1024945968 | D12: =D5+D7+D8+D9+D10+D11 -> 1801929607 | E12: =E5+E7+E8+E9+E10+E11 -> 4692977515 | F12: =F5+F7+F8+F9+F10+F11 -> 3573292094 | G12: مجموع البنود أعلاه
A13: الهامش التشغيلي % | B13: =B12/B3 -> 0.094699411 | C13: =C12/C3 -> 0.090192675 | D13: =D12/D3 -> 0.11172608 | E13: =E12/E3 -> 0.19310586 | F13: =F12/F3 -> 0.11917152 | G13: تشغيلي ÷ مبيعات
A14: نصيب شركات حقوق الملكية | B14: 645136 | C14: 1809251 | D14: -1256023 | E14: 2355482 | F14: 0 | G14: قائمة الدخل
A15: صافي تكلفة التمويل | B15: -68187651 | C15: -123313682 | D15: -320893260 | E15: -596428158 | F15: -1168793931 | G15: إيضاح 9
A16: خسارة بيع استثمار | B16: 0 | C16: 0 | D16: -115108535 | E16: -522059933 | F16: 0 | G16: قائمة الدخل
A17: الربح قبل الضرائب | B17: =B12+B14+B15+B16 -> 766378059 | C17: =C12+C14+C15+C16 -> 903441537 | D17: =D12+D14+D15+D16 -> 1364671789 | E17: =E12+E14+E15+E16 -> 3576844906 | F17: =F12+F14+F15+F16 -> 2404498163 | G17: معادلة
A18: ضريبة الدخل | B18: -226962845 | C18: -272826682 | D18: -343211571 | E18: -841450390 | F18: -494403328 | G18: قائمة الدخل
A19: تسوية ضريبية/مؤجلة | B19: -13026096 | C19: 7384145 | D19: 0 | E19: 0 | F19: 0 | G19: لمطابقة المعلَن (EPS 0.68)
A20: صافي الربح بعد الضرائب | B20: =B17+B18+B19 -> 526389118 | C20: =C17+C18+C19 -> 637999000 | D20: =D17+D18+D19 -> 1021460218 | E20: =E17+E18+E19 -> 2735394516 | F20: =F17+F18+F19 -> 1910094835 | G20: معادلة
A21: هامش صافي الربح % | B21: =B20/B3 -> 0.059776364 | C21: =C20/C3 -> 0.056142312 | D21: =D20/D3 -> 0.063334187 | E21: =E20/E3 -> 0.11255556 | F21: =F20/F3 -> 0.063702855 | G21: صافي ÷ مبيعات
A22: EBITDA (مليون) | B22: 1224 | C22: 1465 | D22: 2224 | E22: 4693 | F22: 4634 | G22: نتائج الأعمال
A23: نمو المبيعات % | B23: - | C23: =C3/B3-1 -> 0.29048301 | D23: =D3/C3-1 -> 0.41923251 | E23: =E3/D3-1 -> 0.50684913 | F23: =F3/E3-1 -> 0.233795 | G23: سنة ÷ سابقتها −1
A25: ⚠️ 2024-2025: خسائر عملة (344.8م/348م) حُوّلت للدخل الشامل (EAS 13) — الربح هنا "معلَن"؛ المعدّل في شيت فروق العملة. 2025 أول سنة بعد اندماج 4 شركات تابعة.

Sheet الرفع والعوائد
A1: الرفع المالي والعوائد — DuPont و ROIC
A2: البند | B2: 2021 | C2: 2022 | D2: 2023 | E2: 2024 | F2: 2025
A3: إجمالي الالتزامات | B3: 2291432636 | C3: 2958554699 | D3: 4330598548 | E3: 7251138154 | F3: 10377677682
A4: النقدية | B4: 453015330 | C4: 294504052 | D4: 1093526328 | E4: 1811244599 | F4: 1091755742
A5: إجمالي حقوق الملكية | B5: 3168316284 | C5: 3410732172 | D5: 4249768585 | E5: 6339324470 | F5: 8032544219
A6: إجمالي الأصول | B6: 5459748920 | C6: 6369286871 | D6: 8580367133 | E6: 13590462624 | F6: 18410221901
A7: صافي الدين | B7: =B3-B4 -> 1838417306 | C7: =C3-C4 -> 2664050647 | D7: =D3-D4 -> 3237072220 | E7: =E3-E4 -> 5439893555 | F7: =F3-F4 -> 9285921940
A8: صافي الدين/حقوق الملكية | B8: =B7/B5 -> 0.58025056 | C8: =C7/C5 -> 0.78107882 | D8: =D7/D5 -> 0.76170553 | E8: =E7/E5 -> 0.85811881 | F8: =F7/F5 -> 1.1560375
A10: صافي الربح المعلَن (من قائمة الدخل) | B10: ='قائمة الدخل'!B20 -> 526389118 | C10: ='قائمة الدخل'!C20 -> 637999000 | D10: ='قائمة الدخل'!D20 -> 1021460218 | E10: ='قائمة الدخل'!E20 -> 2735394516 | F10: ='قائمة الدخل'!F20 -> 1910094835
A11: تعديل EAS13 | B11: 0 | C11: 0 | D11: 0 | E11: -344814387 | F11: -348000000
A12: صافي الربح المعدّل | B12: =B10+B11 -> 526389118 | C12: =C10+C11 -> 637999000 | D12: =D10+D11 -> 1021460218 | E12: =E10+E11 -> 2390580129 | F12: =F10+F11 -> 1562094835
A13: متوسط حقوق الملكية | B13: =B5 -> 3168316284 | C13: =(C5+B5)/2 -> 3289524228 | D13: =(D5+C5)/2 -> 3.8302504e+09 | E13: =(E5+D5)/2 -> 5.2945465e+09 | F13: =(F5+E5)/2 -> 7.1859343e+09
A14: متوسط الأصول | B14: =B6 -> 5459748920 | C14: =(C6+B6)/2 -> 5.9145179e+09 | D14: =(D6+C6)/2 -> 7474827002 | E14: =(E6+D6)/2 -> 1.1085415e+10 | F14: =(F6+E6)/2 -> 1.6000342e+10
A16: ROE معدّل | B16: =B12/B13 -> 0.16614159 | C16: =C12/C13 -> 0.19394872 | D16: =D12/D13 -> 0.26668236 | E16: =E12/E13 -> 0.45151745 | F16: =F12/F13 -> 0.21738229
A17: هامش صافي معلن | B17: =B12/'قائمة الدخل'!B3 -> 0.059776364 | C17: =C12/'قائمة الدخل'!C3 -> 0.056142312 | D17: =D12/'قائمة الدخل'!D3 -> 0.063334187 | E17: ='قائمة الدخل'!E21 -> 0.11255556 | F17: ='قائمة الدخل'!F21 -> 0.063702855
A18: دوران الأصول | B18: ='قائمة الدخل'!B3/B14 -> 1.61289 | C18: ='قائمة الدخل'!C3/C14 -> 1.9213671 | D18: ='قائمة الدخل'!D3/D14 -> 2.1576555 | E18: ='قائمة الدخل'!E3/E14 -> 2.1923055 | F18: ='قائمة الدخل'!F3/F14 -> 1.8739878
A19: الرافعة (أصول/ملكية) | B19: =B14/B13 -> 1.7232336 | C19: =C14/C13 -> 1.7979858 | D19: =D14/D13 -> 1.9515244 | E19: =E14/E13 -> 2.0937421 | F19: =F14/F13 -> 2.2266196
A20: فحص DuPont (=ROE) | B20: =B17*B18*B19 -> 0.16614159 | C20: =C17*C18*C19 -> 0.19394872 | D20: =D17*D18*D19 -> 0.26668236 | E20: =E17*E18*E19 -> 0.51664378 | F20: =F17*F18*F19 -> 0.26581023
A21: تغطية الفوائد | B21: ='قائمة الدخل'!B12/(-'قائمة الدخل'!B15) -> 12.229789 | C21: ='قائمة الدخل'!C12/(-'قائمة الدخل'!C15) -> 8.3116971 | D21: ='قائمة الدخل'!D12/(-'قائمة الدخل'!D15) -> 5.6153551 | E21: ='قائمة الدخل'!E12/(-'قائمة الدخل'!E15) -> 7.8684707 | F21: ='قائمة الدخل'!F12/(-'قائمة الدخل'!F15) -> 3.0572473
A22: تحويل مجمل→تشغيلي | B22: ='قائمة الدخل'!B12/'قائمة الدخل'!B5 -> 0.32999495 | C22: ='قائمة الدخل'!C12/'قائمة الدخل'!C5 -> 0.35277207 | D22: ='قائمة الدخل'!D12/'قائمة الدخل'!D5 -> 0.42682659 | E22: ='قائمة الدخل'!E12/'قائمة الدخل'!E5 -> 0.63507015 | F22: ='قائمة الدخل'!F12/'قائمة الدخل'!F5 -> 0.51930711
A23: NOPAT (تشغيلي×0.75) | B23: ='قائمة الدخل'!B12*0.75 -> 6.2544043e+08 | C23: ='قائمة الدخل'!C12*0.75 -> 768709476 | D23: ='قائمة الدخل'!D12*0.75 -> 1.3514472e+09 | E23: ='قائمة الدخل'!E12*0.75 -> 3.5197331e+09 | F23: ='قائمة الدخل'!F12*0.75 -> 2.6799691e+09
A24: رأس المال المستثمر (ملكية+صافي دين) | B24: =B5+B7 -> 5006733590 | C24: =C5+C7 -> 6074782819 | D24: =D5+D7 -> 7486840805 | E24: =E5+E7 -> 11779218025 | F24: =F5+F7 -> 17318466159
A25: ROIC | B25: =B23/B24 -> 0.12491985 | C25: =C23/((C24+B24)/2) -> 0.13873724 | D25: =D23/((D24+C24)/2) -> 0.19930463 | E25: =E23/((E24+D24)/2) -> 0.36538175 | F25: =F23/((F24+E24)/2) -> 0.18420497

Sheet التقييم
A1: التقييم
A2: البند | B2: القيمة | C2: المعادلة
A3: سعر السهم (ج.م) ← عدّله هنا | B3: 29.3
A4: عدد الأسهم | B4: 1176756353
A5: القيمة السوقية | B5: =B3*B4 -> 3.4478961e+10 | C5: سعر × أسهم
A6: صافي الدين 2025 | B6: 9285921940
A7: قيمة المنشأة EV | B7: =B5+B6 -> 4.3764883e+10 | C7: سوقية + دين
A9: صافي الربح المعلَن 2025 | B9: 1910095000
A10: صافي الربح المعدّل 2025 | B10: 1562095000
A11: ربح نتائج الأعمال 2025 | B11: 2253000000
A12: EBITDA 2025 | B12: 4634000000
A14: EPS معلَن | B14: =B9/B4 -> 1.6231865
A15: EPS معدّل | B15: =B10/B4 -> 1.3274583
A16: P/E معلَن | B16: =B3/B14 -> 18.050914
A17: P/E معدّل (الحقيقي) | B17: =B3/B15 -> 22.072256 | C17: الأهم للمقارنة
A18: EV/EBITDA | B18: =B7/B12 -> 9.4442993
A19: عائد الأرباح (معدّل) | B19: =B10/B5 -> 0.045305744 | C19: قارنه بالفائدة ↓

Sheet توقّع 2026
A1: توقّع 2026 للسنه كلها
A2: السيناريو | B2: نمو | C2: إيراد 2026 (مليون)
A3: متحفظ | B3: 0.2 | C3: =29984.446*(1+B3) -> 35981.335
A4: أساسي | B4: 0.24 | C4: =29984.446*(1+B4) -> 37180.713
A5: متفائل | B5: 0.28 | C5: =29984.446*(1+B5) -> 38380.091
A7: التوزيع الربعي (السيناريو الأساسي)
A8: الربع | B8: الحصة | C8: الإيراد (مليون) | D8: الهامش المتوقع | E8: مجمل الربح
A9: Q1 2026 (فعلي) | B9: 0.23 | C9: 8600 | D9: 0.252 | E9: =C9*D9 -> 2167.2
A10: Q2 2026 | B10: 0.27 | C10: =C4*B10 -> 10038.793 | D10: 0.245 | E10: =C10*D10 -> 2459.5042
A11: Q3 2026 | B11: 0.26 | C11: =C4*B11 -> 9666.9854 | D11: 0.235 | E11: =C11*D11 -> 2271.7416
A12: Q4 2026 | B12: 0.24 | C12: =C4*B12 -> 8923.3711 | D12: 0.23 | E12: =C12*D12 -> 2052.3754
A13: إجمالي 2026 | B13: =SUM(B9:B12) -> 1 | C13: =SUM(C9:C12) -> 37229.149 | D13: =E13/C13 -> 0.24042508 | E13: =SUM(E9:E12) -> 8950.8211

Sheet البيانات الفصلية
A1: البيانات الفصلية (مليون ج.م) — 21 ربعاً
A2: البند | B2: 1Q21 | C2: 2Q21 | D2: 3Q21 | E2: 4Q21 | G2: 1Q22 | H2: 2Q22 | I2: 3Q22 | J2: 4Q22 | L2: 1Q23 | M2: 2Q23 | N2: 3Q23 | O2: 4Q23 | Q2: 1Q24 | R2: 2Q24 | S2: 3Q24 | T2: 4Q24 | V2: 1Q25 Red Flag 🚩 | W2: 2Q25 | X2: 3Q25 | Y2: 4Q25 | AA2: 1Q26
A3: صافي المبيعات | B3: 1861689122 | C3: 2226863636 | D3: 2435430424 | E3: 2281991070 | G3: 2403433446 | H3: 2761133770 | I3: 2996498775 | J3: 3202894179 | L3: 3423285226 | M3: 3730081032 | N3: 4500471406 | O3: 4474264097 | Q3: 5758301967 | R3: 6035549981 | S3: 6863671472 | T3: 5645092628 | V3: 6802910589 | W3: 7362177408 | X3: 7971607240 | Y3: 7847750985 | AA3: 8599713155
A4: مجمل الربح | B4: 542614912 | C4: 718065543 | D4: 661685152 | E4: 604705106 | G4: 641817404 | H4: 772638703 | I4: 680999419 | J4: 809950100 | L4: 1017338784 | M4: 910504506 | N4: 1072115667 | O4: 1221731182 | Q4: 2204616820 | R4: 1928954980 | S4: 2035065549 | T4: 1221062075 | V4: 1176834132 | W4: 1862885101 | X4: 1941619692 | Y4: 1899545242 | AA4: 2168558717
A5: هامش مجمل % | B5: =B4/B3 -> 0.29146376 | C5: =C4/C3 -> 0.322456 | D5: =D4/D3 -> 0.27169126 | E5: =E4/E3 -> 0.26499013 | G5: =G4/G3 -> 0.26704189 | H5: =H4/H3 -> 0.27982661 | I5: =I4/I3 -> 0.22726504 | J5: =J4/J3 -> 0.25288069 | L5: =L4/L3 -> 0.29718201 | M5: =M4/M3 -> 0.24409778 | N5: =N4/N3 -> 0.23822297 | O5: =O4/O3 -> 0.27305746 | Q5: =Q4/Q3 -> 0.38285884 | R5: =R4/R3 -> 0.31959887 | S5: =S4/S3 -> 0.2964981 | T5: =T4/T3 -> 0.21630506 | V5: =V4/V3 -> 0.1729898 | W5: =W4/W3 -> 0.25303453 | X5: =X4/X3 -> 0.2435669 | Y5: =Y4/Y3 -> 0.24204963 | AA5: =AA4/AA3 -> 0.2521664
A6: EBITDA | B6: 260000000 | C6: 349000000 | D6: 335000000 | E6: 281000000 | G6: 279000000 | H6: 330000000 | I6: 340000000 | J6: 466000000 | L6: 594000000 | M6: 405000000 | N6: 576000000 | O6: 649000000 | Q6: 1397000000 | R6: 1516000000 | S6: 1510000000 | T6: 620000000 | V6: 1260000000 | W6: 1075000000 | X6: 1138000000 | Y6: 1160000000 | AA6: 1380000000 | AB6: تقريبي
A7: هامش EBITDA % | B7: =B6/B3 -> 0.13965812 | C7: =C6/C3 -> 0.15672266 | D7: =D6/D3 -> 0.13755269 | E7: =E6/E3 -> 0.12313808 | G7: =G6/G3 -> 0.11608393 | H7: =H6/H3 -> 0.11951612 | I7: =I6/I3 -> 0.11346576 | J7: =J6/J3 -> 0.14549341 | L7: =L6/L3 -> 0.17351753 | M7: =M6/M3 -> 0.10857673 | N7: =N6/N3 -> 0.12798659 | O7: =O6/O3 -> 0.14505179 | Q7: =Q6/Q3 -> 0.24260624 | R7: =R6/R3 -> 0.25117844 | S7: =S6/S3 -> 0.21999887 | T7: =T6/T3 -> 0.10982991 | V7: =(V6/V3) -> 0.18521484 | W7: =W6/W3 -> 0.14601658 | X7: =X6/X3 -> 0.14275666 | Y7: =Y6/Y3 -> 0.14781305 | AA7: =AA6/AA3 -> 0.16047047
A8: صافي الربح | B8: 123145654 | C8: 193065871 | D8: 173529864 | E8: 36647729 | G8: 144419705 | H8: 174529686 | I8: 155137340 | J8: 163912269 | L8: 339414732 | M8: 217015918 | N8: 322506055 | O8: 142523513 | Q8: 478744970 | R8: 1001509233 | S8: 957590972 | T8: 297549341 | V8: 299671870 | W8: 481511135 | X8: 490745113 | Y8: 638166717 | AA8: 668716318
A9: هامش صافي % | B9: =B8/B3 -> 0.066147271 | C9: =C8/C3 -> 0.08669856 | D9: =D8/D3 -> 0.071252236 | E9: =E8/E3 -> 0.016059541 | G9: =G8/G3 -> 0.060088914 | H9: =H8/H3 -> 0.063209428 | I9: =I8/I3 -> 0.051772869 | J9: =J8/J3 -> 0.051176299 | L9: =L8/L3 -> 0.099148832 | M9: =M8/M3 -> 0.058179947 | N9: =N8/N3 -> 0.071660505 | O9: =O8/O3 -> 0.031854068 | Q9: =Q8/Q3 -> 0.083139956 | R9: =R8/R3 -> 0.16593504 | S9: =S8/S3 -> 0.13951585 | T9: =T8/T3 -> 0.052709382 | V9: =V8/V3 -> 0.044050538 | W9: =W8/W3 -> 0.065403359 | X9: =X8/X3 -> 0.061561627 | Y9: =Y8/Y3 -> 0.081318421 | AA9: =AA8/AA3 -> 0.077760305
R10: Anomalies:عرفنا بعدها ان سببهم أسعار مركزات البرتقال الاستثنائيه
A11: أرقام 2025 من نتائج الأعمال (تشمل أثر الاندماج جزئياً). EBITDA 2021-2024 من نتائج الأعمال.
B13: حصص أرباح كل كوارتر في السنه | G13: حصص أرباح كل كوارتر في السنه | L13: حصص أرباح كل كوارتر في السنه | Q13: حصص أرباح كل كوارتر في السنه | V13: حصص أرباح كل كوارتر في السنه
B14: =B3 -> 1861689122 | C14: =C3 -> 2226863636 | D14: =D3 -> 2435430424 | E14: =E3 -> 2281991070 | G14: =G3 -> 2403433446 | H14: =H3 -> 2761133770 | I14: =I3 -> 2996498775 | J14: =J3 -> 3202894179 | L14: =L3 -> 3423285226 | M14: =M3 -> 3730081032 | N14: =N3 -> 4500471406 | O14: =O3 -> 4474264097 | Q14: =Q3 -> 5758301967 | R14: =R3 -> 6035549981 | S14: =S3 -> 6863671472 | T14: =T3 -> 5645092628 | V14: =V3 -> 6802910589 | W14: =W3 -> 7362177408 | X14: =X3 -> 7971607240 | Y14: =Y3 -> 7847750985
B15: =SUM(B3:E3) -> 8805974252 | C15: 8805974252 | D15: 8805974252 | E15: 8805974252 | G15: =SUM(G3:J3) -> 11363960170 | H15: 11363960170 | I15: 11363960170 | J15: 11363960170 | L15: =SUM(L3:O3) -> 16128101761 | M15: 16128101761 | N15: 16128101761 | O15: 16128101761 | Q15: =SUM(Q3:T3) -> 24302616048 | R15: 24302616048 | S15: 24302616048 | T15: 24302616048 | V15: =SUM(V3:Y3) -> 29984446222 | W15: 29984446222 | X15: 29984446222 | Y15: 29984446222
B16: =B14/B15 -> 0.21141206 | C16: =C14/C15 -> 0.25288101 | D16: =D14/D15 -> 0.2765657 | E16: =E14/E15 -> 0.25914124 | G16: =G14/G15 -> 0.21149612 | H16: =H14/H15 -> 0.24297285 | I16: =I14/I15 -> 0.26368438 | J16: =J14/J15 -> 0.28184666 | L16: =L14/L15 -> 0.21225593 | M16: =M14/M15 -> 0.23127837 | N16: =N14/N15 -> 0.27904533 | O16: =O14/O15 -> 0.27742038 | Q16: =Q14/Q15 -> 0.23694165 | R16: =R14/R15 -> 0.24834981 | S16: =S14/S15 -> 0.28242521 | T16: =T14/T15 -> 0.23228333 | V16: =V14/V15 -> 0.22688132 | W16: =W14/W15 -> 0.24553321 | X16: =X14/X15 -> 0.26585808 | Y16: =Y14/Y15 -> 0.26172739
B18: حصص تكاليف كل كوارتر في السنه من أرباحها | G18: حصص تكاليف كل كوارتر في السنه من أرباحها | L18: حصص تكاليف كل كوارتر في السنه من أرباحها | Q18: حصص تكاليف كل كوارتر في السنه من أرباحها | V18: حصص تكاليف كل كوارتر في السنه من أرباحها
B19: =B3-B4 -> 1319074210 | C19: =C3-C4 -> 1508798093 | D19: =D3-D4 -> 1773745272 | E19: =E3-E4 -> 1677285964 | G19: =G3-G4 -> 1761616042 | H19: =H3-H4 -> 1988495067 | I19: =I3-I4 -> 2315499356 | J19: =J3-J4 -> 2392944079 | L19: =L3-L4 -> 2405946442 | M19: =M3-M4 -> 2819576526 | N19: =N3-N4 -> 3428355739 | O19: =O3-O4 -> 3252532915 | Q19: =Q3-Q4 -> 3553685147 | R19: =R3-R4 -> 4106595001 | S19: =S3-S4 -> 4828605923 | T19: =T3-T4 -> 4424030553 | V19: =V3-V4 -> 5626076457 | W19: =W3-W4 -> 5499292307 | X19: =X3-X4 -> 6029987548 | Y19: =Y3-Y4 -> 5948205743
B20: =B19/B14 -> 0.70853624 | C20: =C19/C14 -> 0.677544 | D20: =D19/D14 -> 0.72830874 | E20: =E19/E14 -> 0.73500987 | G20: =G19/G14 -> 0.73295811 | H20: =H19/H14 -> 0.72017339 | I20: =I19/I14 -> 0.77273496 | J20: =J19/J14 -> 0.74711931 | L20: =L19/L14 -> 0.70281799 | M20: =M19/M14 -> 0.75590222 | N20: =N19/N14 -> 0.76177703 | O20: =O19/O14 -> 0.72694254 | Q20: =Q19/Q14 -> 0.61714116 | R20: =R19/R14 -> 0.68040113 | S20: =S19/S14 -> 0.7035019 | T20: =T19/T14 -> 0.78369494 | V20: =V19/V14 -> 0.8270102 | W20: =W19/W14 -> 0.74696547 | X20: =X19/X14 -> 0.7564331 | Y20: =Y19/Y14 -> 0.75795037
V21: كدا عرفنا ليه مجمل الربح كان قليل مقارنة بالباقي

Sheet تصريحات الإدارة
A1: تصريحات الإدارة — الاكتشافات الموثقة
A2: الموضوع | B2: اللي اتقال | C2: الدلالة
A3: سر قفزة 2024 | B3: أسعار مركز البرتقال العالمية بلغت مستويات قياسية في 2024 وانخفضت 2025 | C3: عامل مؤقت غير مستدام — يفسر +200% ثم −56% للمركزات
A4: نقطة التحول Q4-25 | B4: ربح +115% وEBITDA +87% بعد زوال قاعدة المركزات | C4: تأكيد نهائي أن 2024 كانت استثنائية
A5: التطبيع الرسمي | B5: FY24 المعدّل: هامش 28.3% بدل 30.4% وربح ~2,386م | C5: الإدارة نفسها تؤكد تعديل EAS 13
A6: التوسع الجغرافي | B6: دولة + شراكة الراشد بالسعودية | C6: بداية hedge طبيعي
A7: منتجات جديدة | B7: بودينج (نهاية 2024) بثلاث نكهات | C7: ابتكار يقود الكميات
A8: رمضان | B8: طفرة طلب على المنتجات في رمضان | C8: يدعم نمط الموسمية المكتشف
A9: الاندماج فبراير 2025 | B9: مارس وحده أضاف 1.2 مليار مجمل ربح للأرباح المرحلة | C9: يفسر فرق نتائج الأعمال عن القوائم
A10: بخيرو | B10: الماركة الاقتصادية 37% من الألبان | C10: دليل نزول المستهلك للأرخص
